{"qoxfH+X1b45fGe2YqTSLeg==":"mbr.jpg","ybUkXrrgS4z/4Uo8vCg1oQ==":"mbr.png","2m2bHM4VebrEN1o/yXSPMw==":"mbr-696x674.png","703jGkvtoXpxbZTG7S89UA==":"features2.jpg","Cesjxe6cW0NYFSAP4kiRig==":"features1.jpg","HUfpc9SvDwBk7sbVG2SgiA==":"features3.jpg","WeIcOp+qLfFEPxVAXUUAEA==":"features4.jpg","Vb7GgbMoe0curpGYBParsg==":"background3.jpg","ihHvMXypkqXAe9GMW7iZbw==":"f1-kids-506x730.jpg","edBFr3jyrX9rHyvhOMRTDA==":"f2-kids-506x730.jpg","xU6HV2buoMV73SGsx018jg==":"f3-kids-506x730.jpg","DP0i4gtLf463vPQ6A80zmQ==":"f4-kids-506x730.jpg","dL7p9VnmieYQFUdJhQPBkQ==":"f1-kids-506x730.jpeg","D4XFlEm+pAzBOn0gQ4rZPw==":"f2-kids-506x730.jpeg","0D4AWN4SVY5nkPR/7bnx4g==":"f3-kids-506x730.jpeg","kYKOabSZPs+A2ZGcM2AGSQ==":"f4-kids-506x730.jpeg","A+2/cbfmj54A4ZUepGmzyA==":"c1-kids-506x730.jpg","eC/9nY8NwYAcZS/9JajNFg==":"p1-kids-506x730.jpg","I6mCoePyJ/w0vAHHJF5oIw==":"p3-kids-506x730.jpg","3RevNJVfmKDNsiqg4A5uHw==":"c3-kids-506x730.jpg","wqoCH5LuFBiXzPb1gnRFgw==":"%D1%812-kids-506x730.jpg","SfyEe2K6qLAVLkEV9wawZQ==":"c4-kids-506x730.jpg","SmmRafjpQnrHvETa23205Q==":"p2-kids-506x730.jpg","qbL6e5lzdgBPM+ll6sfsIg==":"p4-kids-506x730.jpg","9cHlKmw6i7RwlkC5AVjnLA==":"mbr-1920x1221.jpg","qtybmn2Po6SjjFlKtkSrzQ==":"mbr-1920x1280.jpg"}